{"products":[{"id":"0.02366583456935123","quantity":1}],"totalPrice":0.40000000000000013}